{"params": {"batch size": 64, "dropout rate": 0.2, "epochs": 200, "learning rate": 1e-05, "number of layers": 3, "number of units": 20, "optimizers": "adam"}, "loss": 0.5060933828353882, "accuracy": 0.7788791656494141, "precision": 0.8327932357788086, "recall": 0.7996266484260559, "auc-roc": 0.8333240151405334, "f1_score": 0.8049344272037685, "status": "ok"}